firmid,year,y,size,treated_group,post,did,iv_distance
0,2019,0.4683493921891527,4.756608307084783,0,0,0,-0.022189425594312147
0,2020,0.1847776872393594,11.30387243964895,0,0,0,-0.022189425594312147
0,2021,-0.5633983227240833,12.17096470660898,0,0,0,-0.022189425594312147
0,2022,2.675463781151729,4.963212233329898,0,0,0,-0.022189425594312147
0,2023,1.9363988588350802,3.033580464347882,0,1,0,-0.022189425594312147
0,2024,0.5043288453709784,4.503498901328746,0,1,0,-0.022189425594312147
0,2025,-0.19955854126134054,5.909778808007102,0,1,0,-0.022189425594312147
0,2026,1.3978161460587806,10.37993983559335,0,1,0,-0.022189425594312147
1,2019,1.3746244471775353,1.8918789049782219,0,0,0,0.1797951017607601
1,2020,-1.2047269306642436,7.599757588125401,0,0,0,0.1797951017607601
1,2021,3.219871095774339,6.167671979187506,0,0,0,0.1797951017607601
1,2022,-0.8032103153958032,6.557277453845051,0,0,0,0.1797951017607601
1,2023,1.124607366243846,6.804262575881897,0,1,0,0.1797951017607601
1,2024,0.12243643110914726,5.418489453079441,0,1,0,0.1797951017607601
1,2025,2.109432310763489,13.33694180902748,0,1,0,0.1797951017607601
1,2026,1.0099480858155798,7.367387699686538,0,1,0,0.1797951017607601
2,2019,2.2497720964392016,5.374306467037797,0,0,0,-1.105654334009747
2,2020,3.0857877296401712,13.310602008431243,0,0,0,-1.105654334009747
2,2021,0.500566511580617,17.486379936344346,0,0,0,-1.105654334009747
2,2022,2.0565505635690142,10.286351183708556,0,0,0,-1.105654334009747
2,2023,1.115202081270264,2.6194225739777646,0,1,0,-1.105654334009747
2,2024,-0.6547306599870732,2.3263105064585066,0,1,0,-1.105654334009747
2,2025,1.074664836659531,6.567093665651896,0,1,0,-1.105654334009747
2,2026,2.3155303261347293,8.676301838625543,0,1,0,-1.105654334009747
3,2019,0.8837277508828891,8.803564698503385,0,0,0,0.47627676969233534
3,2020,-0.03479283476572237,4.934258787806759,0,0,0,0.47627676969233534
3,2021,0.4157778364054555,10.223060799983749,0,0,0,0.47627676969233534
3,2022,1.1010356468756266,9.25644806797259,0,0,0,0.47627676969233534
3,2023,1.049695140522098,6.572381646977969,0,1,0,0.47627676969233534
3,2024,1.2513125343429057,8.763409041749828,0,1,0,0.47627676969233534
3,2025,1.9316581407018565,8.098043720800966,0,1,0,0.47627676969233534
3,2026,1.4679549671858783,6.8076512804962634,0,1,0,0.47627676969233534
4,2019,1.9776254864912295,5.2043925036197285,0,0,0,-0.9235591285593695
4,2020,2.2620914681800124,14.724963225010967,0,0,0,-0.9235591285593695
4,2021,2.2709284187562453,17.23093982416859,0,0,0,-0.9235591285593695
4,2022,0.401200475774678,7.163053287398442,0,0,0,-0.9235591285593695
4,2023,1.8866796465270967,17.838851900383087,0,1,0,-0.9235591285593695
4,2024,1.2024686196645396,7.798536222640532,0,1,0,-0.9235591285593695
4,2025,2.348774483719937,5.481562553079288,0,1,0,-0.9235591285593695
4,2026,1.0716523823080881,12.68996779231362,0,1,0,-0.9235591285593695
5,2019,1.19289560539726,8.671730303365981,1,0,0,1.3108952215434895
5,2020,-0.14466338453539374,7.137868731045851,1,0,0,1.3108952215434895
5,2021,2.1611855942109344,10.35556998470839,1,0,0,1.3108952215434895
5,2022,4.084068323586402,6.414680017539917,1,0,0,1.3108952215434895
5,2023,4.262761001263339,4.087662298811127,1,1,1,1.3108952215434895
5,2024,2.6366213563040084,5.539850038853824,1,1,1,1.3108952215434895
5,2025,4.476296369815366,4.117972394553594,1,1,1,1.3108952215434895
5,2026,3.201045723666051,5.457723699673448,1,1,1,1.3108952215434895
6,2019,1.9468731000916806,12.463527421318737,0,0,0,0.23861008935316422
6,2020,1.1706637054004014,9.317742311099169,0,0,0,0.23861008935316422
6,2021,1.4378925137081193,5.429320865259336,0,0,0,0.23861008935316422
6,2022,1.858950483947277,11.125681510479764,0,0,0,0.23861008935316422
6,2023,0.7912089266014875,7.5716451919176935,0,1,0,0.23861008935316422
6,2024,1.6961286851112047,4.482447249821963,0,1,0,0.23861008935316422
6,2025,-0.9376684707234295,6.013646055764869,0,1,0,0.23861008935316422
6,2026,0.9521742179760881,9.887220742109232,0,1,0,0.23861008935316422
7,2019,0.029639385208321517,7.9048442946586945,0,0,0,-0.18204756263602687
7,2020,0.6430151990842764,6.109269397208036,0,0,0,-0.18204756263602687
7,2021,0.9807768695126133,7.305919223597088,0,0,0,-0.18204756263602687
7,2022,0.11484826813940241,10.842546512495579,0,0,0,-0.18204756263602687
7,2023,0.9097781914117193,6.070078663522528,0,1,0,-0.18204756263602687
7,2024,1.0583991535504418,8.8513580524763,0,1,0,-0.18204756263602687
7,2025,2.794607227714005,16.147465979012964,0,1,0,-0.18204756263602687
7,2026,0.6616494161027078,3.468580310883309,0,1,0,-0.18204756263602687
8,2019,-0.021591234271151283,7.013882097991246,0,0,0,-0.3888581330370068
8,2020,1.1582357856033305,5.314589540497014,0,0,0,-0.3888581330370068
8,2021,0.07290950584619593,9.543611371836153,0,0,0,-0.3888581330370068
8,2022,0.9461750446858259,10.77757547557263,0,0,0,-0.3888581330370068
8,2023,1.4631542644859927,4.3709348325707,0,1,0,-0.3888581330370068
8,2024,3.542914652679679,16.914708404751313,0,1,0,-0.3888581330370068
8,2025,0.8062689667083106,9.023361093540343,0,1,0,-0.3888581330370068
8,2026,1.8529180379558017,22.590701895563903,0,1,0,-0.3888581330370068
9,2019,1.2361077305536061,3.6696197784647087,1,0,0,-0.4161212220876913
9,2020,2.535784016111886,8.77813483315487,1,0,0,-0.4161212220876913
9,2021,1.8200916856135136,3.15235526379874,1,0,0,-0.4161212220876913
9,2022,0.9778618962237927,12.859471317701907,1,0,0,-0.4161212220876913
9,2023,2.5800314402047437,4.7217361399259685,1,1,1,-0.4161212220876913
9,2024,4.631584810530325,12.792111688789934,1,1,1,-0.4161212220876913
9,2025,4.415338104739964,5.885357911674758,1,1,1,-0.4161212220876913
9,2026,3.763079267424886,14.198320739405911,1,1,1,-0.4161212220876913
10,2019,2.2948538436335664,11.263340460232572,1,0,0,0.8171805710702459
10,2020,-0.28313383127985015,6.32032263008884,1,0,0,0.8171805710702459
10,2021,4.117307675202618,10.57027715113177,1,0,0,0.8171805710702459
10,2022,1.276032685297001,6.601231179207187,1,0,0,0.8171805710702459
10,2023,3.904609525616954,17.86779908717708,1,1,1,0.8171805710702459
10,2024,3.2550290884322584,8.233161969211137,1,1,1,0.8171805710702459
10,2025,4.612666927114127,7.700840032780481,1,1,1,0.8171805710702459
10,2026,5.597529019310525,10.772809113451789,1,1,1,0.8171805710702459
11,2019,-1.774077041699629,3.5199763753630764,1,0,0,0.962835610257478
11,2020,-0.3077912693353011,6.748912933629322,1,0,0,0.962835610257478
11,2021,-1.405088963172574,7.452743648743113,1,0,0,0.962835610257478
11,2022,0.21231669263862069,8.293229206464726,1,0,0,0.962835610257478
11,2023,1.9773867488200736,10.46372229986365,1,1,1,0.962835610257478
11,2024,0.8785283426924733,11.829683886966754,1,1,1,0.962835610257478
11,2025,3.3579840991451113,14.135997248929572,1,1,1,0.962835610257478
11,2026,2.826842280939724,8.648661511747513,1,1,1,0.962835610257478
12,2019,0.7004653754160455,5.859038481601747,1,0,0,1.4169482290724733
12,2020,1.3887776278318225,8.20945114153154,1,0,0,1.4169482290724733
12,2021,2.6458482151844205,8.367989634296185,1,0,0,1.4169482290724733
12,2022,1.4889097459571545,4.281674768843781,1,0,0,1.4169482290724733
12,2023,5.155052331249448,4.564274045205504,1,1,1,1.4169482290724733
12,2024,3.6618666476624893,8.884366964992484,1,1,1,1.4169482290724733
12,2025,4.583452130896515,6.456239137166801,1,1,1,1.4169482290724733
12,2026,6.14669324542916,6.7621514818691235,1,1,1,1.4169482290724733
13,2019,1.338254493723725,10.84165236831118,1,0,0,1.5522945302868347
13,2020,1.3695798962909898,11.012884834219062,1,0,0,1.5522945302868347
13,2021,1.2543626342540626,15.022414493863906,1,0,0,1.5522945302868347
13,2022,0.8692846607305745,6.67087838131326,1,0,0,1.5522945302868347
13,2023,3.347275835434903,8.51097231718775,1,1,1,1.5522945302868347
13,2024,3.960910561921601,3.01128657412903,1,1,1,1.5522945302868347
13,2025,2.6925800804658624,4.7320487231489405,1,1,1,1.5522945302868347
13,2026,4.192272200654255,6.343062494804307,1,1,1,1.5522945302868347
14,2019,-0.7558158081440856,26.658501318278955,0,0,0,-0.598797878654863
14,2020,-1.069084173216531,17.69674355894252,0,0,0,-0.598797878654863
14,2021,-0.9867420278193806,11.241987595312311,0,0,0,-0.598797878654863
14,2022,-1.8914303619132313,7.268767701084617,0,0,0,-0.598797878654863
14,2023,-2.2796382809435243,2.4245475258219447,0,1,0,-0.598797878654863
14,2024,-2.4738025963889623,6.238816530283275,0,1,0,-0.598797878654863
14,2025,-2.0520095823307063,4.4501897058768645,0,1,0,-0.598797878654863
14,2026,-0.8383588382883063,9.061147486642861,0,1,0,-0.598797878654863
15,2019,0.5283853946700474,3.279029859014078,0,0,0,0.17420622204216277
15,2020,1.77342893785868,9.461758014977828,0,0,0,0.17420622204216277
15,2021,0.9676356391154352,3.3233148489863122,0,0,0,0.17420622204216277
15,2022,1.0337075862955047,12.427900541245345,0,0,0,0.17420622204216277
15,2023,1.630203067111384,7.560644537631427,0,1,0,0.17420622204216277
15,2024,2.826677756886528,8.215438912912608,0,1,0,0.17420622204216277
15,2025,0.5031290069457435,8.08176698008404,0,1,0,0.17420622204216277
15,2026,1.8317694066353318,4.44172979297696,0,1,0,0.17420622204216277
16,2019,-0.6596323857469535,9.412702583629748,0,0,0,0.6533722696971642
16,2020,-1.4698686350924777,9.93472351854739,0,0,0,0.6533722696971642
16,2021,-0.624712679307831,4.1858412558722495,0,0,0,0.6533722696971642
16,2022,-0.7040475295065176,9.110083921551835,0,0,0,0.6533722696971642
16,2023,-0.15525065117286063,7.502965612578122,0,1,0,0.6533722696971642
16,2024,-0.6703950936212159,14.219336202078745,0,1,0,0.6533722696971642
16,2025,-0.46881281407984343,7.852764272932939,0,1,0,0.6533722696971642
16,2026,0.9303364192609919,6.5922801465288225,0,1,0,0.6533722696971642
17,2019,2.628063211808037,8.835420346781792,0,0,0,-0.3177155143208524
17,2020,1.8070823171734847,18.422744148887197,0,0,0,-0.3177155143208524
17,2021,0.24752440266776454,10.748464808993925,0,0,0,-0.3177155143208524
17,2022,3.083193926675719,5.941640488785972,0,0,0,-0.3177155143208524
17,2023,2.4399627190666164,8.850636664226988,0,1,0,-0.3177155143208524
17,2024,1.758632350084382,7.905099426371583,0,1,0,-0.3177155143208524
17,2025,2.126397355529215,11.211428551762571,0,1,0,-0.3177155143208524
17,2026,0.8558010857016859,4.416206286985013,0,1,0,-0.3177155143208524
18,2019,4.071830847371362,16.21537102607903,0,0,0,-0.06123901212120985
18,2020,3.009210151343307,12.394213159439715,0,0,0,-0.06123901212120985
18,2021,2.1441434480110377,3.536228788881642,0,0,0,-0.06123901212120985
18,2022,2.3179137017801197,6.739568045154403,0,0,0,-0.06123901212120985
18,2023,4.117048956713748,3.5653918000028195,0,1,0,-0.06123901212120985
18,2024,3.9835577280587047,5.228019116351279,0,1,0,-0.06123901212120985
18,2025,3.582963858501298,4.1444271874446645,0,1,0,-0.06123901212120985
18,2026,3.292218210857981,10.309402462110803,0,1,0,-0.06123901212120985
19,2019,4.232042131587684,9.995522134833369,1,0,0,0.5328624731482946
19,2020,3.858348664149717,6.90098100844344,1,0,0,0.5328624731482946
19,2021,3.3041299341934813,16.110930426608427,1,0,0,0.5328624731482946
19,2022,2.5247219652448,13.875153541036722,1,0,0,0.5328624731482946
19,2023,6.961967008427735,9.958980017102862,1,1,1,0.5328624731482946
19,2024,7.099648044621872,12.305864453865507,1,1,1,0.5328624731482946
19,2025,5.297497788663744,3.6142364515728866,1,1,1,0.5328624731482946
19,2026,7.579999665107328,16.85906878259192,1,1,1,0.5328624731482946
20,2019,0.9070124924000783,6.531429262759143,0,0,0,0.4700018991459643
20,2020,1.3141451870542955,8.065660759913493,0,0,0,0.4700018991459643
20,2021,1.069957265942556,7.494881525122221,0,0,0,0.4700018991459643
20,2022,2.7794889336440427,15.488384668923707,0,0,0,0.4700018991459643
20,2023,-0.4871107901797894,7.4125238624062275,0,1,0,0.4700018991459643
20,2024,0.9126848697630097,18.238347236002717,0,1,0,0.4700018991459643
20,2025,0.14870800760982594,6.575950771638644,0,1,0,0.4700018991459643
20,2026,1.316465071234549,2.0596536152835405,0,1,0,0.4700018991459643
21,2019,0.21225566492233494,6.714551514910792,0,0,0,0.2948994568074936
21,2020,-0.09081628202044223,7.8289956440072155,0,0,0,0.2948994568074936
21,2021,-0.8781212547277123,4.528404708731569,0,0,0,0.2948994568074936
21,2022,-1.2370034862074308,9.105614399147665,0,0,0,0.2948994568074936
21,2023,-2.3878162706849997,4.351916356357803,0,1,0,0.2948994568074936
21,2024,-0.07023687096228115,9.145617743154638,0,1,0,0.2948994568074936
21,2025,0.4875034112859016,11.6627226125402,0,1,0,0.2948994568074936
21,2026,0.6016694552352192,19.69446473967208,0,1,0,0.2948994568074936
22,2019,2.4609946888360708,19.81155842237099,1,0,0,1.3744194084973465
22,2020,2.318777646702152,10.148566995495738,1,0,0,1.3744194084973465
22,2021,2.2116666193722327,4.446074832034808,1,0,0,1.3744194084973465
22,2022,1.313605753713718,4.920133893458569,1,0,0,1.3744194084973465
22,2023,4.282605914926846,13.888792757045472,1,1,1,1.3744194084973465
22,2024,2.2810243668326073,2.3187396519731425,1,1,1,1.3744194084973465
22,2025,2.3280333510612152,5.009309867294822,1,1,1,1.3744194084973465
22,2026,5.999318520204674,7.2740975808691735,1,1,1,1.3744194084973465
23,2019,0.35351123009249863,10.402434640846526,1,0,0,0.6354674574615501
23,2020,2.0175083302608474,16.198344419969494,1,0,0,0.6354674574615501
23,2021,0.05649347915244657,3.115326727015434,1,0,0,0.6354674574615501
23,2022,0.5343624530042906,5.0896968792493835,1,0,0,0.6354674574615501
23,2023,4.243248834350887,8.643138356223863,1,1,1,0.6354674574615501
23,2024,2.9124733038104917,8.43408252209171,1,1,1,0.6354674574615501
23,2025,3.1716693538254774,11.55882417336632,1,1,1,0.6354674574615501
23,2026,3.2926874845638623,10.139447703485136,1,1,1,0.6354674574615501
24,2019,1.9428692046386522,6.357769247804806,1,0,0,0.5445021246314014
24,2020,3.774610192331721,6.207207021890476,1,0,0,0.5445021246314014
24,2021,2.2898967141160784,15.308685081967575,1,0,0,0.5445021246314014
24,2022,2.1331741708645575,8.938472952945713,1,0,0,0.5445021246314014
24,2023,4.469797215773083,9.660852581906646,1,1,1,0.5445021246314014
24,2024,6.764994208790838,15.122108802745352,1,1,1,0.5445021246314014
24,2025,5.827361081664703,4.351825077713002,1,1,1,0.5445021246314014
24,2026,5.099774017479552,7.471945981566431,1,1,1,0.5445021246314014
25,2019,1.746733683368093,7.235052216122208,1,0,0,1.059110314851987
25,2020,0.7445605675291227,14.83117796440435,1,0,0,1.059110314851987
25,2021,2.0455880393850245,12.902863426742352,1,0,0,1.059110314851987
25,2022,1.3268110914976772,4.051867361965774,1,0,0,1.059110314851987
25,2023,5.663945019667138,6.904599598059856,1,1,1,1.059110314851987
25,2024,5.788601211672633,5.200338605892569,1,1,1,1.059110314851987
25,2025,5.856658082829599,5.468955756215228,1,1,1,1.059110314851987
25,2026,6.872035016811484,6.3768192049426435,1,1,1,1.059110314851987
26,2019,1.4185426116228648,11.082996130745762,0,0,0,0.021331436148067248
26,2020,1.8900637482239406,16.20782142477383,0,0,0,0.021331436148067248
26,2021,2.835370364147768,4.459199246935363,0,0,0,0.021331436148067248
26,2022,2.3934180265295377,3.1959198780108413,0,0,0,0.021331436148067248
26,2023,1.6028858078974,4.607926229997394,0,1,0,0.021331436148067248
26,2024,2.607512501306518,5.956980235798237,0,1,0,0.021331436148067248
26,2025,2.5255066622984965,4.560821896919516,0,1,0,0.021331436148067248
26,2026,4.9184129174748055,24.431926524434445,0,1,0,0.021331436148067248
27,2019,-2.187879681422842,7.040910580611792,0,0,0,1.1339581177885583
27,2020,-0.6255969855869578,4.97303183820448,0,0,0,1.1339581177885583
27,2021,-2.1481816065878316,3.6203181695350453,0,0,0,1.1339581177885583
27,2022,-1.7054573089012952,5.126214609839983,0,0,0,1.1339581177885583
27,2023,-1.4325875009063886,6.858449333615552,0,1,0,1.1339581177885583
27,2024,-0.33900818181872916,8.421538003546967,0,1,0,1.1339581177885583
27,2025,-0.08447259611429564,4.702510881311255,0,1,0,1.1339581177885583
27,2026,0.585116466917718,5.7552645780700775,0,1,0,1.1339581177885583
28,2019,0.4389148493711822,6.122885577663249,1,0,0,0.7044880423335751
28,2020,0.8910913910012698,8.002483311417027,1,0,0,0.7044880423335751
28,2021,2.0197422475256896,9.440878813781623,1,0,0,0.7044880423335751
28,2022,1.603481174266831,6.287667128275006,1,0,0,0.7044880423335751
28,2023,4.021487569947963,2.765087064923253,1,1,1,0.7044880423335751
28,2024,3.6476282662941024,7.8987970095972715,1,1,1,0.7044880423335751
28,2025,2.910671675103943,6.6790647648996595,1,1,1,0.7044880423335751
28,2026,1.8751884484180565,4.872739761094592,1,1,1,0.7044880423335751
29,2019,3.1745660047229145,14.024481860988418,1,0,0,0.9679556432680723
29,2020,4.347689140047367,14.796665902170078,1,0,0,0.9679556432680723
29,2021,1.7142211869947626,21.613520607558396,1,0,0,0.9679556432680723
29,2022,3.4305273965336025,11.853361832208433,1,0,0,0.9679556432680723
29,2023,6.377926452871728,8.802781859688583,1,1,1,0.9679556432680723
29,2024,4.544071759979544,5.302740171029504,1,1,1,0.9679556432680723
29,2025,6.733073564561308,15.764014298612738,1,1,1,0.9679556432680723
29,2026,7.74413524412697,12.938555667596047,1,1,1,0.9679556432680723
30,2019,3.7693794986218054,4.951069982895958,1,0,0,0.886814928601019
30,2020,3.731695315290766,8.129263256301535,1,0,0,0.886814928601019
30,2021,3.317864843481475,9.315333732726032,1,0,0,0.886814928601019
30,2022,3.5867547322418445,7.06588778851969,1,0,0,0.886814928601019
30,2023,5.8383706958858825,5.844234102476675,1,1,1,0.886814928601019
30,2024,6.301043925750678,5.443911254989483,1,1,1,0.886814928601019
30,2025,6.875292430526441,7.055535414890726,1,1,1,0.886814928601019
30,2026,8.690035009014096,28.863675917974035,1,1,1,0.886814928601019
31,2019,1.081824987103209,4.573420473180585,1,0,0,1.285124597267899
31,2020,1.9539304376819593,3.108886650297554,1,0,0,1.285124597267899
31,2021,1.2474049002771155,18.59048433399636,1,0,0,1.285124597267899
31,2022,0.13036356007501948,4.35238829445625,1,0,0,1.285124597267899
31,2023,4.3924741705263655,9.972670664450918,1,1,1,1.285124597267899
31,2024,1.8560780560951127,12.073244670585497,1,1,1,1.285124597267899
31,2025,3.956647338981555,15.10250392640872,1,1,1,1.285124597267899
31,2026,6.12083599957859,12.714743462673763,1,1,1,1.285124597267899
32,2019,1.1540159933034404,4.3076022069699675,0,0,0,-0.053538928796653645
32,2020,1.3748682568400166,12.038415109626076,0,0,0,-0.053538928796653645
32,2021,2.659439464529356,14.734708430014182,0,0,0,-0.053538928796653645
32,2022,1.6485003782659773,8.567927630021215,0,0,0,-0.053538928796653645
32,2023,2.551810497175266,18.463924245982206,0,1,0,-0.053538928796653645
32,2024,2.907195842294546,13.755533784443937,0,1,0,-0.053538928796653645
32,2025,2.2892032624736043,5.408551261349596,0,1,0,-0.053538928796653645
32,2026,4.543333126589168,31.043915745325172,0,1,0,-0.053538928796653645
33,2019,0.6299537581989553,11.506096578080788,0,0,0,0.17479027308691603
33,2020,-1.7871945317135158,4.829741403566652,0,0,0,0.17479027308691603
33,2021,0.6482389441031842,3.16211621209539,0,0,0,0.17479027308691603
33,2022,-0.769425178094336,6.382419700922367,0,0,0,0.17479027308691603
33,2023,0.7288362151493633,7.7663936470009,0,1,0,0.17479027308691603
33,2024,-0.21891694554685526,4.191928108279534,0,1,0,0.17479027308691603
33,2025,-0.14022554395426134,15.830483188484072,0,1,0,0.17479027308691603
33,2026,1.725522832218425,23.379541223770143,0,1,0,0.17479027308691603
34,2019,1.857227974439122,10.45756253659466,0,0,0,-1.0607565655686548
34,2020,2.4955265089260896,9.121770279531296,0,0,0,-1.0607565655686548
34,2021,-1.7139966651888399,4.090764605660603,0,0,0,-1.0607565655686548
34,2022,0.02066208032051664,6.969127282047325,0,0,0,-1.0607565655686548
34,2023,-1.498678679105335,2.0983209018030364,0,1,0,-1.0607565655686548
34,2024,0.8896110340024044,6.338528965080872,0,1,0,-1.0607565655686548
34,2025,1.094925110384628,6.6890950418046575,0,1,0,-1.0607565655686548
34,2026,1.1619927518339899,5.285410929463126,0,1,0,-1.0607565655686548
35,2019,1.0701781100447223,9.808846889788873,0,0,0,0.6138099086232407
35,2020,-0.1893349671840534,7.343028354562169,0,0,0,0.6138099086232407
35,2021,0.3288286223816981,19.183180155784008,0,0,0,0.6138099086232407
35,2022,1.6703053748762564,6.384006462772559,0,0,0,0.6138099086232407
35,2023,0.6595819093140158,7.731646161246342,0,1,0,0.6138099086232407
35,2024,3.270392619669664,11.33692217098328,0,1,0,0.6138099086232407
35,2025,1.6321117053381036,5.958989266228765,0,1,0,0.6138099086232407
35,2026,1.0952541726409497,3.1632159179568986,0,1,0,0.6138099086232407
36,2019,2.1244747107798787,6.930149221641951,1,0,0,0.8808070510956821
36,2020,1.2778105944476588,5.834247755474025,1,0,0,0.8808070510956821
36,2021,3.3534452063156683,8.018378068532455,1,0,0,0.8808070510956821
36,2022,2.9046744164696996,5.9503867096678045,1,0,0,0.8808070510956821
36,2023,7.00928381471029,20.612762329490863,1,1,1,0.8808070510956821
36,2024,4.330746294730811,26.332366120826368,1,1,1,0.8808070510956821
36,2025,5.249621239247274,10.832406741639486,1,1,1,0.8808070510956821
36,2026,4.542203372313551,5.589877361496534,1,1,1,0.8808070510956821
37,2019,1.0876141538855681,29.199592796437777,1,0,0,1.5505204350080446
37,2020,1.6962088334429009,5.401861978020288,1,0,0,1.5505204350080446
37,2021,1.8504786928870995,11.596510918166043,1,0,0,1.5505204350080446
37,2022,0.1492128631258991,11.524666482041843,1,0,0,1.5505204350080446
37,2023,3.6857095856501134,5.328248693965267,1,1,1,1.5505204350080446
37,2024,3.777296415157325,8.667512017535367,1,1,1,1.5505204350080446
37,2025,2.004968541268193,7.058312097324979,1,1,1,1.5505204350080446
37,2026,5.004724430480719,6.365123410521736,1,1,1,1.5505204350080446
38,2019,-0.9277937946805697,3.2864542372557572,0,0,0,-0.5757230455931305
38,2020,-0.07508687316047291,13.354069433943156,0,0,0,-0.5757230455931305
38,2021,1.166895082934552,7.957112464859826,0,0,0,-0.5757230455931305
38,2022,0.6566578746847049,5.734168273816446,0,0,0,-0.5757230455931305
38,2023,1.0798313352334166,9.487670855962921,0,1,0,-0.5757230455931305
38,2024,1.0917773112996585,4.271273728165403,0,1,0,-0.5757230455931305
38,2025,1.0947858116971725,7.972468585762583,0,1,0,-0.5757230455931305
38,2026,0.7414187567851732,6.596463203447431,0,1,0,-0.5757230455931305
39,2019,3.440826240605057,10.220175491032592,1,0,0,0.4076376095091123
39,2020,0.6991653546782233,5.39863377163151,1,0,0,0.4076376095091123
39,2021,2.4621566143478772,17.96465698290722,1,0,0,0.4076376095091123
39,2022,3.0087934652177295,8.132180414040524,1,0,0,0.4076376095091123
39,2023,4.289181647739371,7.6242385327276585,1,1,1,0.4076376095091123
39,2024,4.3797133928819685,9.629485511112394,1,1,1,0.4076376095091123
39,2025,3.256488433014396,6.0401010306223375,1,1,1,0.4076376095091123
39,2026,3.624110130584735,8.301558761876025,1,1,1,0.4076376095091123
40,2019,1.949011779795569,4.869252071606533,1,0,0,1.1494631789390328
40,2020,0.08973706403078746,6.407778522949441,1,0,0,1.1494631789390328
40,2021,-0.5725723213739118,7.8719227727842656,1,0,0,1.1494631789390328
40,2022,2.6014930869340467,8.503717512526555,1,0,0,1.1494631789390328
40,2023,1.9505745597368285,6.657163721927574,1,1,1,1.1494631789390328
40,2024,4.981503012747758,6.7094909235125915,1,1,1,1.1494631789390328
40,2025,3.668215290162437,5.9189304759727985,1,1,1,1.1494631789390328
40,2026,2.0344439447364397,10.556713479371114,1,1,1,1.1494631789390328
41,2019,2.2879697539806805,24.17805258378455,1,0,0,0.29117042365012114
41,2020,1.8574838849431374,6.813116439058191,1,0,0,0.29117042365012114
41,2021,1.8622748437536072,6.491382385758504,1,0,0,0.29117042365012114
41,2022,2.9782282014203307,8.384098175510628,1,0,0,0.29117042365012114
41,2023,4.4371421861064775,11.880639332517266,1,1,1,0.29117042365012114
41,2024,3.675012146517414,10.171173821919437,1,1,1,0.29117042365012114
41,2025,5.793748547765702,5.520667816484017,1,1,1,0.29117042365012114
41,2026,3.1022929639861774,4.054467837864836,1,1,1,0.29117042365012114
42,2019,-0.785990497583593,10.085188915622558,0,0,0,0.08336644828588366
42,2020,-1.684312406879125,15.015046248469545,0,0,0,0.08336644828588366
42,2021,-2.0362594880809466,12.980053534298456,0,0,0,0.08336644828588366
42,2022,-0.2495769997075799,2.109697016241301,0,0,0,0.08336644828588366
42,2023,-0.4989956466621174,5.924552514546458,0,1,0,0.08336644828588366
42,2024,0.9623162253470516,8.07864188634235,0,1,0,0.08336644828588366
42,2025,1.0025768953727816,21.35003782097449,0,1,0,0.08336644828588366
42,2026,2.4506618025518585,19.215613089481778,0,1,0,0.08336644828588366
43,2019,2.2153649463361123,17.935980106817386,1,0,0,0.5179327668044649
43,2020,1.876839423972495,6.926679597747211,1,0,0,0.5179327668044649
43,2021,1.5964702037127738,5.636470441682953,1,0,0,0.5179327668044649
43,2022,2.331240761465642,7.935853037607707,1,0,0,0.5179327668044649
43,2023,1.9148649764486407,7.021584034384614,1,1,1,0.5179327668044649
43,2024,7.899174760465673,8.059383764548516,1,1,1,0.5179327668044649
43,2025,4.4297707676906395,7.40492607610715,1,1,1,0.5179327668044649
43,2026,5.545942484811205,8.28479048373451,1,1,1,0.5179327668044649
44,2019,4.167003107889626,9.535848130963858,1,0,0,1.1853120882527084
44,2020,4.492143452384461,25.461049039432414,1,0,0,1.1853120882527084
44,2021,2.003907998377323,16.655696545929285,1,0,0,1.1853120882527084
44,2022,1.8717431697562028,3.866077796276657,1,0,0,1.1853120882527084
44,2023,3.638476837695669,4.18628868242683,1,1,1,1.1853120882527084
44,2024,4.953108976693555,21.78657592164577,1,1,1,1.1853120882527084
44,2025,6.228061516819465,10.771023146198003,1,1,1,1.1853120882527084
44,2026,5.547055319709077,9.319095961551032,1,1,1,1.1853120882527084
45,2019,2.719896560463397,8.13897636952833,0,0,0,-0.6658275161368146
45,2020,0.3673155921168949,8.126102082853496,0,0,0,-0.6658275161368146
45,2021,0.5499518623419892,7.7488947761450335,0,0,0,-0.6658275161368146
45,2022,0.11945658005650261,8.556770011959985,0,0,0,-0.6658275161368146
45,2023,2.621751777361473,8.71478831579122,0,1,0,-0.6658275161368146
45,2024,2.8199918004348823,12.5203002961683,0,1,0,-0.6658275161368146
45,2025,2.9207114791870223,7.905922165811174,0,1,0,-0.6658275161368146
45,2026,3.0061585190058944,9.73058093482361,0,1,0,-0.6658275161368146
46,2019,1.258238794762509,15.917863438858117,0,0,0,0.4006518746710507
46,2020,-0.715241057185541,4.1360515480146605,0,0,0,0.4006518746710507
46,2021,0.6852252197205333,8.067314720939383,0,0,0,0.4006518746710507
46,2022,1.4569552875990346,12.153622841998935,0,0,0,0.4006518746710507
46,2023,0.09516904942611959,6.907361777339692,0,1,0,0.4006518746710507
46,2024,2.6256938041826365,10.71694468331008,0,1,0,0.4006518746710507
46,2025,0.1746759498767029,3.624270875576176,0,1,0,0.4006518746710507
46,2026,-0.4479761213815028,11.815386357441527,0,1,0,0.4006518746710507
47,2019,2.6737887527091644,7.057627500396888,1,0,0,0.6496135386997175
47,2020,-0.40537915500700084,23.40401287498291,1,0,0,0.6496135386997175
47,2021,0.4919695845137692,8.442721515934213,1,0,0,0.6496135386997175
47,2022,-1.1939681408662306,2.878373923414465,1,0,0,0.6496135386997175
47,2023,1.0856647331087266,4.5524755022106635,1,1,1,0.6496135386997175
47,2024,1.7686059843496682,11.591413762342558,1,1,1,0.6496135386997175
47,2025,4.0936891000720355,5.5489006143771755,1,1,1,0.6496135386997175
47,2026,2.9458613403632388,5.53859735807528,1,1,1,0.6496135386997175
48,2019,-0.1735770521513793,19.521488149565382,1,0,0,0.3507175455751218
48,2020,0.4042045221142153,10.421193914842176,1,0,0,0.3507175455751218
48,2021,-0.22877440808600746,11.210810671029163,1,0,0,0.3507175455751218
48,2022,0.397695388502467,5.262988675044716,1,0,0,0.3507175455751218
48,2023,2.9731520429878726,15.527418725463,1,1,1,0.3507175455751218
48,2024,3.32896721693755,6.079601479655307,1,1,1,0.3507175455751218
48,2025,4.837164222931769,21.422855542732048,1,1,1,0.3507175455751218
48,2026,3.76865747353824,12.947342239550208,1,1,1,0.3507175455751218
49,2019,-0.8546721858902535,10.206148924846046,0,0,0,-0.6848723469760699
49,2020,-2.9878053867235876,3.75566846010763,0,0,0,-0.6848723469760699
49,2021,-1.4870778672349185,13.600922214121692,0,0,0,-0.6848723469760699
49,2022,0.7044784890868974,8.614316616479076,0,0,0,-0.6848723469760699
49,2023,-0.27653420492514014,7.665645814819577,0,1,0,-0.6848723469760699
49,2024,0.7270797410744916,17.8185924346443,0,1,0,-0.6848723469760699
49,2025,0.09211706874462067,2.8921461416952106,0,1,0,-0.6848723469760699
49,2026,0.4099860764137228,9.437330713691008,0,1,0,-0.6848723469760699
50,2019,1.7173164836885444,11.642669188232265,0,0,0,-0.5543392656913178
50,2020,2.7777349610808915,7.759101445152824,0,0,0,-0.5543392656913178
50,2021,3.3427571188592293,12.41426728997306,0,0,0,-0.5543392656913178
50,2022,3.470926660855155,16.03171224915505,0,0,0,-0.5543392656913178
50,2023,4.262351146626331,6.5091827842602,0,1,0,-0.5543392656913178
50,2024,4.382630629302875,3.7134238415414615,0,1,0,-0.5543392656913178
50,2025,2.153723845354582,9.118218148379766,0,1,0,-0.5543392656913178
50,2026,1.922413636961644,5.6858843743811756,0,1,0,-0.5543392656913178
51,2019,3.574853568197991,13.565683915802195,1,0,0,0.9565859383710067
51,2020,3.095070735550222,6.699570344652882,1,0,0,0.9565859383710067
51,2021,0.037723216478471544,1.7960012729628927,1,0,0,0.9565859383710067
51,2022,1.7881057022592668,6.068774271579551,1,0,0,0.9565859383710067
51,2023,3.960465205479971,16.045928185156914,1,1,1,0.9565859383710067
51,2024,5.0451237866188325,7.858490836996104,1,1,1,0.9565859383710067
51,2025,1.3831657005486466,5.979197632349719,1,1,1,0.9565859383710067
51,2026,2.1656176855055995,9.472507792148349,1,1,1,0.9565859383710067
52,2019,1.0592827159120604,5.150587339675237,0,0,0,-0.3196787655512709
52,2020,-1.0500547214721616,5.411556810032794,0,0,0,-0.3196787655512709
52,2021,0.8161682682187631,9.965238712467608,0,0,0,-0.3196787655512709
52,2022,3.1221642471124196,5.020556406934974,0,0,0,-0.3196787655512709
52,2023,1.6578769916086067,5.098058914643128,0,1,0,-0.3196787655512709
52,2024,2.0092144021791145,5.347549879837463,0,1,0,-0.3196787655512709
52,2025,0.9760612889491561,6.964827447394528,0,1,0,-0.3196787655512709
52,2026,1.341127571846638,4.975523592583242,0,1,0,-0.3196787655512709
53,2019,0.6658968992063117,8.723433036139895,0,0,0,0.398042922709731
53,2020,-0.6581449937057717,4.972066921837879,0,0,0,0.398042922709731
53,2021,-0.9699474919046837,9.402669331968687,0,0,0,0.398042922709731
53,2022,-2.3478534783183442,11.191874959198696,0,0,0,0.398042922709731
53,2023,-1.9030731182817298,7.029033189454626,0,1,0,0.398042922709731
53,2024,2.9917278145406536,13.891635028525998,0,1,0,0.398042922709731
53,2025,0.0243089719720172,4.571124650505823,0,1,0,0.398042922709731
53,2026,-2.002234487978638,6.023697152210984,0,1,0,0.398042922709731
54,2019,1.404321611639865,3.9064627045111715,0,0,0,0.41145916198999155
54,2020,1.705590759485168,7.006068093593016,0,0,0,0.41145916198999155
54,2021,3.1742654378099955,8.25734546726636,0,0,0,0.41145916198999155
54,2022,1.4827039479827244,7.5246339967164095,0,0,0,0.41145916198999155
54,2023,0.2585389218305383,9.17105537530911,0,1,0,0.41145916198999155
54,2024,1.5726797504956798,7.7474575822412435,0,1,0,0.41145916198999155
54,2025,0.40460775624219014,17.83775682772647,0,1,0,0.41145916198999155
54,2026,1.5588113924389904,6.595766777625849,0,1,0,0.41145916198999155
55,2019,1.452920241314466,6.288195684657594,1,0,0,0.9111544670972056
55,2020,0.8497400676632586,3.0937865879202215,1,0,0,0.9111544670972056
55,2021,1.6271669539054567,6.3210868225913925,1,0,0,0.9111544670972056
55,2022,2.8181693149639453,38.53982802823218,1,0,0,0.9111544670972056
55,2023,5.5096924542188255,5.962429177882735,1,1,1,0.9111544670972056
55,2024,3.737886631054227,3.7210026374241183,1,1,1,0.9111544670972056
55,2025,6.429397860324687,13.398524710763208,1,1,1,0.9111544670972056
55,2026,5.735969154409439,6.976497088397584,1,1,1,0.9111544670972056
56,2019,1.488529333997188,9.13641310065295,1,0,0,1.6025011615711726
56,2020,-1.6603962455594297,5.448338441129802,1,0,0,1.6025011615711726
56,2021,0.9743195908875022,7.765301222870989,1,0,0,1.6025011615711726
56,2022,0.06771688679422788,4.6626907019781365,1,0,0,1.6025011615711726
56,2023,0.6998659808255052,4.596357265864907,1,1,1,1.6025011615711726
56,2024,2.6875809023075874,7.44156792733381,1,1,1,1.6025011615711726
56,2025,2.5362914625668362,6.766030281293454,1,1,1,1.6025011615711726
56,2026,2.3454907108959007,4.806445473324559,1,1,1,1.6025011615711726
57,2019,0.9894730690397606,1.899979634513664,1,0,0,1.4735855602261492
57,2020,0.8402646704946921,13.060452093982997,1,0,0,1.4735855602261492
57,2021,-0.859624911449959,5.448509563921606,1,0,0,1.4735855602261492
57,2022,0.8091472399686186,4.039638291328941,1,0,0,1.4735855602261492
57,2023,2.3393222564125256,5.191552372187635,1,1,1,1.4735855602261492
57,2024,2.930219814083141,3.826373167287798,1,1,1,1.4735855602261492
57,2025,2.8415444886810315,7.672594679376376,1,1,1,1.4735855602261492
57,2026,4.232123791102663,10.847970358366155,1,1,1,1.4735855602261492
58,2019,1.724428470589293,7.271382424135376,1,0,0,0.7780610286847419
58,2020,3.273721129880575,8.161121369034625,1,0,0,0.7780610286847419
58,2021,1.6026006662509158,10.052264822349658,1,0,0,0.7780610286847419
58,2022,1.1115516419518625,6.56512108212784,1,0,0,0.7780610286847419
58,2023,4.341640115751085,10.188630404044138,1,1,1,0.7780610286847419
58,2024,4.214358384055644,4.873783439452047,1,1,1,0.7780610286847419
58,2025,3.3451378891987993,17.745919638066702,1,1,1,0.7780610286847419
58,2026,4.405505830822083,24.260514299404946,1,1,1,0.7780610286847419
59,2019,0.5310360891380557,5.271508597924694,0,0,0,-0.03304485515568612
59,2020,1.7704538506480643,5.632307849271953,0,0,0,-0.03304485515568612
59,2021,1.5653079931341973,7.664773558510273,0,0,0,-0.03304485515568612
59,2022,0.5235162045782858,2.7290650661382707,0,0,0,-0.03304485515568612
59,2023,0.6308199779661596,14.77664598831909,0,1,0,-0.03304485515568612
59,2024,1.8903605550504563,6.092884265405061,0,1,0,-0.03304485515568612
59,2025,2.630293396731341,12.243034696053337,0,1,0,-0.03304485515568612
59,2026,-0.7222047754325767,4.910142886293952,0,1,0,-0.03304485515568612
60,2019,-0.9845265337876139,5.607186747235784,0,0,0,0.22679348154179435
60,2020,-0.5891499811912548,5.446591407517778,0,0,0,0.22679348154179435
60,2021,-1.9391107200435083,4.543105123001142,0,0,0,0.22679348154179435
60,2022,0.40713845708753027,8.773371270382853,0,0,0,0.22679348154179435
60,2023,0.7870281261798121,7.339249438959535,0,1,0,0.22679348154179435
60,2024,-1.8471967906204585,5.5859343629629175,0,1,0,0.22679348154179435
60,2025,-1.021201659546601,8.055862943507472,0,1,0,0.22679348154179435
60,2026,-1.0041964218361032,6.791463296219845,0,1,0,0.22679348154179435
61,2019,0.8664323495922125,5.443004916815266,1,0,0,1.5028230753216527
61,2020,2.4738850204757017,2.6035834698231426,1,0,0,1.5028230753216527
61,2021,1.3149367655717472,9.420080269360717,1,0,0,1.5028230753216527
61,2022,2.0177529107453274,7.624179277848864,1,0,0,1.5028230753216527
61,2023,3.9274510056287313,24.007805886028237,1,1,1,1.5028230753216527
61,2024,4.729416763335679,15.58807503182887,1,1,1,1.5028230753216527
61,2025,3.626982035583488,3.827947865724488,1,1,1,1.5028230753216527
61,2026,4.6495875845991845,8.125773750962964,1,1,1,1.5028230753216527
62,2019,1.7096823447181708,7.524787911949017,1,0,0,0.9516558026630542
62,2020,-0.5073173772378574,8.316463284405076,1,0,0,0.9516558026630542
62,2021,0.4208245087132363,7.214089701817091,1,0,0,0.9516558026630542
62,2022,0.5865491985087177,3.7538766122361213,1,0,0,0.9516558026630542
62,2023,2.5213555200442785,3.8540098342129365,1,1,1,0.9516558026630542
62,2024,1.673026232937138,10.030142919998347,1,1,1,0.9516558026630542
62,2025,2.421004208564604,7.060308846810775,1,1,1,0.9516558026630542
62,2026,4.082557007410902,10.878809037247859,1,1,1,0.9516558026630542
63,2019,-1.7600218862819128,9.360322576290232,0,0,0,0.44884167500133804
63,2020,1.7323836169480458,5.483472946983127,0,0,0,0.44884167500133804
63,2021,-0.36602425411933026,6.831783272839473,0,0,0,0.44884167500133804
63,2022,0.3001354935927697,10.17949553932542,0,0,0,0.44884167500133804
63,2023,1.2207199288768837,13.50756896344286,0,1,0,0.44884167500133804
63,2024,3.1578663724135567,5.089356474237503,0,1,0,0.44884167500133804
63,2025,0.7508029818747155,8.761033073316394,0,1,0,0.44884167500133804
63,2026,0.7800629007840669,3.639438633240032,0,1,0,0.44884167500133804
64,2019,1.3927731595164077,5.092687156676702,0,0,0,0.4205250617332006
64,2020,-0.2613799518176023,7.514298116140387,0,0,0,0.4205250617332006
64,2021,-1.4080131391017712,2.586008341317012,0,0,0,0.4205250617332006
64,2022,0.32779762662144085,9.115133280006807,0,0,0,0.4205250617332006
64,2023,1.8118651816849196,3.829742451504435,0,1,0,0.4205250617332006
64,2024,0.6099442176500671,19.63753122042424,0,1,0,0.4205250617332006
64,2025,0.8807284049296631,5.279001612456277,0,1,0,0.4205250617332006
64,2026,1.6332179756649285,5.199352668854621,0,1,0,0.4205250617332006
65,2019,-0.6501136566303074,12.56340061533251,0,0,0,-0.11951059400524923
65,2020,2.3226018382010096,8.617669563521961,0,0,0,-0.11951059400524923
65,2021,1.236905521589251,5.78876185179498,0,0,0,-0.11951059400524923
65,2022,0.4606465605006884,5.634676027869215,0,0,0,-0.11951059400524923
65,2023,2.7603013549607214,2.8448177274123014,0,1,0,-0.11951059400524923
65,2024,2.4061410463480506,5.594977847813404,0,1,0,-0.11951059400524923
65,2025,1.4665590856906046,2.8197218850372407,0,1,0,-0.11951059400524923
65,2026,-0.016624737447468618,6.160149835436893,0,1,0,-0.11951059400524923
66,2019,1.583249329139738,11.56215412161559,0,0,0,-0.1397505072853202
66,2020,1.326439111463611,5.398162995980861,0,0,0,-0.1397505072853202
66,2021,2.3872367170545736,11.858501325643156,0,0,0,-0.1397505072853202
66,2022,0.8934049677452036,9.791601430956817,0,0,0,-0.1397505072853202
66,2023,1.8792367386967916,3.141014449712615,0,1,0,-0.1397505072853202
66,2024,4.039939471483397,20.293300923077407,0,1,0,-0.1397505072853202
66,2025,3.2692081891054583,2.5532538335307997,0,1,0,-0.1397505072853202
66,2026,2.8196041666208114,5.096235247907607,0,1,0,-0.1397505072853202
67,2019,1.3203024500840037,5.885634983619374,0,0,0,0.0783551326680351
67,2020,2.53090284280593,14.76432088122374,0,0,0,0.0783551326680351
67,2021,0.3704278510056128,6.014087104790989,0,0,0,0.0783551326680351
67,2022,0.784172151900131,9.245138877144834,0,0,0,0.0783551326680351
67,2023,2.3888003587329525,15.576952285017791,0,1,0,0.0783551326680351
67,2024,0.8344071046367081,11.79635957448491,0,1,0,0.0783551326680351
67,2025,0.6658883695033011,6.441036588746522,0,1,0,0.0783551326680351
67,2026,2.850322274188232,9.050580459973165,0,1,0,0.0783551326680351
68,2019,1.6998302850051537,9.235011917813225,1,0,0,1.0654593900035174
68,2020,1.899642411154278,10.358377960843532,1,0,0,1.0654593900035174
68,2021,2.93677972166235,13.707342901765989,1,0,0,1.0654593900035174
68,2022,3.0893211720548726,5.284133337230242,1,0,0,1.0654593900035174
68,2023,3.3658862114954244,9.18796496280183,1,1,1,1.0654593900035174
68,2024,5.683761580322494,10.451731911486162,1,1,1,1.0654593900035174
68,2025,3.9986860713840064,9.30623186601628,1,1,1,1.0654593900035174
68,2026,5.82947162974533,5.767608769831089,1,1,1,1.0654593900035174
69,2019,0.214124507071012,5.373934994998417,1,0,0,0.4938998860443973
69,2020,-1.5927027231399622,7.058924927341857,1,0,0,0.4938998860443973
69,2021,-0.6688822964828018,8.697361645279848,1,0,0,0.4938998860443973
69,2022,1.1399238401610527,1.9447800346586663,1,0,0,0.4938998860443973
69,2023,0.5170135939572018,5.141336318966918,1,1,1,0.4938998860443973
69,2024,4.457824848754639,29.551935828433585,1,1,1,0.4938998860443973
69,2025,1.9464625375015945,6.117016940599481,1,1,1,0.4938998860443973
69,2026,0.6965174804393164,9.557620091193861,1,1,1,0.4938998860443973
70,2019,-0.9230069687146365,8.29912261391924,0,0,0,0.5727831634254905
70,2020,0.53196513946791,13.655474847190659,0,0,0,0.5727831634254905
70,2021,0.49551589789540956,4.241773058761246,0,0,0,0.5727831634254905
70,2022,0.891947668580241,9.575494433860218,0,0,0,0.5727831634254905
70,2023,0.2770354975677641,4.3504788466853554,0,1,0,0.5727831634254905
70,2024,-1.0525681032955605,5.422040691077695,0,1,0,0.5727831634254905
70,2025,0.31917864580599403,1.9327053794402074,0,1,0,0.5727831634254905
70,2026,-1.705825149409312,5.602464784349946,0,1,0,0.5727831634254905
71,2019,1.8286463644934883,29.069720451892998,1,0,0,0.8289248497282514
71,2020,4.1083219198453005,6.608032024030694,1,0,0,0.8289248497282514
71,2021,0.9741365471552155,7.919674718896171,1,0,0,0.8289248497282514
71,2022,2.357874279767987,10.047884099835219,1,0,0,0.8289248497282514
71,2023,4.755637835291033,4.793313075190313,1,1,1,0.8289248497282514
71,2024,4.0044266490844995,10.337651320825545,1,1,1,0.8289248497282514
71,2025,3.16369806256668,14.130306900500196,1,1,1,0.8289248497282514
71,2026,4.514145264872224,6.898047886174635,1,1,1,0.8289248497282514
72,2019,1.6094617020086885,4.453785858768696,0,0,0,0.4856266688511732
72,2020,3.5383599664714462,10.995496995928127,0,0,0,0.4856266688511732
72,2021,2.4461881348613645,5.2278126481216285,0,0,0,0.4856266688511732
72,2022,3.9517869455711594,5.726747496123837,0,0,0,0.4856266688511732
72,2023,2.574643345339938,12.645141042808557,0,1,0,0.4856266688511732
72,2024,3.7115214809410713,10.961728214119596,0,1,0,0.4856266688511732
72,2025,1.1296273433538573,4.830832622082177,0,1,0,0.4856266688511732
72,2026,3.3796060581789997,7.383608384960873,0,1,0,0.4856266688511732
73,2019,1.5505097573868514,2.342143546869783,0,0,0,-0.8151449030435599
73,2020,1.8980040208403461,4.107059637975518,0,0,0,-0.8151449030435599
73,2021,1.1714884365529954,6.549143154921469,0,0,0,-0.8151449030435599
73,2022,1.089576905303626,4.522038644826948,0,0,0,-0.8151449030435599
73,2023,0.5116901606506143,2.4109420957541463,0,1,0,-0.8151449030435599
73,2024,2.0391784603083325,8.249077033446829,0,1,0,-0.8151449030435599
73,2025,2.1124874582590154,5.597325402795044,0,1,0,-0.8151449030435599
73,2026,2.5087991763380897,18.91346327035424,0,1,0,-0.8151449030435599
74,2019,-1.9005345072481057,7.002508361082465,0,0,0,-0.2774644753682012
74,2020,-1.2238187032032362,6.627357844397563,0,0,0,-0.2774644753682012
74,2021,1.3840761310197496,5.737988169967432,0,0,0,-0.2774644753682012
74,2022,-0.5115992923495569,9.063027208155392,0,0,0,-0.2774644753682012
74,2023,0.8330287203162281,9.47054662466076,0,1,0,-0.2774644753682012
74,2024,0.46525850499718535,19.205641767100957,0,1,0,-0.2774644753682012
74,2025,1.0540438236078058,12.11834514421465,0,1,0,-0.2774644753682012
74,2026,2.067697380344574,11.210726067659653,0,1,0,-0.2774644753682012
75,2019,0.2406708831652309,19.772447728213752,1,0,0,2.0469100305977768
75,2020,2.505447033675517,5.905669245877936,1,0,0,2.0469100305977768
75,2021,2.730162459361975,9.209996283330522,1,0,0,2.0469100305977768
75,2022,1.8315541294859141,5.483798784597461,1,0,0,2.0469100305977768
75,2023,4.589387739592892,8.137218242247846,1,1,1,2.0469100305977768
75,2024,3.464631658809283,3.8439654796981615,1,1,1,2.0469100305977768
75,2025,2.498518594722985,7.425085368804364,1,1,1,2.0469100305977768
75,2026,2.7533709755389637,11.920281330447,1,1,1,2.0469100305977768
76,2019,1.3573426568247857,10.997233524918904,1,0,0,1.1386622681936382
76,2020,0.7365765861948506,7.256396960300296,1,0,0,1.1386622681936382
76,2021,0.782239808587865,6.024153622446851,1,0,0,1.1386622681936382
76,2022,0.0693348122758175,5.7306702686509325,1,0,0,1.1386622681936382
76,2023,4.964838187435218,3.841084452539005,1,1,1,1.1386622681936382
76,2024,5.288554104421625,12.561555057529619,1,1,1,1.1386622681936382
76,2025,3.9994521577646136,12.139026158762032,1,1,1,1.1386622681936382
76,2026,4.743842051154748,12.685777355867458,1,1,1,1.1386622681936382
77,2019,0.3351156210105719,5.0120385822502245,0,0,0,0.2201321982370532
77,2020,-0.03893671858356744,10.342176995399365,0,0,0,0.2201321982370532
77,2021,-0.5217398500143066,4.296789128983027,0,0,0,0.2201321982370532
77,2022,0.7920006584572574,16.35794979713777,0,0,0,0.2201321982370532
77,2023,0.6236846743293825,9.890962703826377,0,1,0,0.2201321982370532
77,2024,-0.9617235576024024,3.6529322342788983,0,1,0,0.2201321982370532
77,2025,0.9416686454413087,8.405649538647134,0,1,0,0.2201321982370532
77,2026,1.142557153457854,6.867132649111689,0,1,0,0.2201321982370532
78,2019,2.191815569310879,15.425035945469936,1,0,0,-0.21450919082947206
78,2020,1.3851693459922738,7.5135332945062165,1,0,0,-0.21450919082947206
78,2021,2.3739601510657606,5.733637553081892,1,0,0,-0.21450919082947206
78,2022,4.085796460563099,7.217549699714581,1,0,0,-0.21450919082947206
78,2023,6.255727014381108,14.590790945048555,1,1,1,-0.21450919082947206
78,2024,3.3537745391365625,5.811037084603596,1,1,1,-0.21450919082947206
78,2025,5.950152261798191,8.55047990316844,1,1,1,-0.21450919082947206
78,2026,2.0609487372590816,3.93391356582816,1,1,1,-0.21450919082947206
79,2019,3.4085593409848416,6.883294356686118,1,0,0,0.023234169570945484
79,2020,2.6440673243439496,10.597433323194688,1,0,0,0.023234169570945484
79,2021,2.605841101112185,6.108106504511559,1,0,0,0.023234169570945484
79,2022,2.321819188655172,2.5929988680654255,1,0,0,0.023234169570945484
79,2023,3.83331057123603,4.5050739939643805,1,1,1,0.023234169570945484
79,2024,5.855006791196198,9.605661437086356,1,1,1,0.023234169570945484
79,2025,4.857492900222922,9.789391353258955,1,1,1,0.023234169570945484
79,2026,5.493523177295209,6.285459153624048,1,1,1,0.023234169570945484
80,2019,2.2518087153632593,14.97545543133108,0,0,0,-0.2515569696001887
80,2020,2.6898171476245047,6.2939421831624545,0,0,0,-0.2515569696001887
80,2021,0.8591876686713831,4.299022021826553,0,0,0,-0.2515569696001887
80,2022,1.0057094046470123,16.009223139255536,0,0,0,-0.2515569696001887
80,2023,0.19921440248474453,4.558607380829108,0,1,0,-0.2515569696001887
80,2024,1.9629087523445374,8.676998969625245,0,1,0,-0.2515569696001887
80,2025,1.3828240223487231,6.059795431989475,0,1,0,-0.2515569696001887
80,2026,2.975046521689221,4.6178750744748776,0,1,0,-0.2515569696001887
81,2019,2.2638444994663494,17.71625423294944,0,0,0,0.1604233650150618
81,2020,2.9129108524320104,3.725444759161527,0,0,0,0.1604233650150618
81,2021,3.599328882842412,6.181472841246482,0,0,0,0.1604233650150618
81,2022,2.8559237817066077,2.3967062357560107,0,0,0,0.1604233650150618
81,2023,2.0047839111887886,9.138883051055554,0,1,0,0.1604233650150618
81,2024,2.9819554530120014,6.447099334409011,0,1,0,0.1604233650150618
81,2025,2.8408847833621445,7.1312691747073815,0,1,0,0.1604233650150618
81,2026,2.7755110260447227,7.117178195316726,0,1,0,0.1604233650150618
82,2019,-0.5061819218280341,4.303127826818015,0,0,0,0.41774683598444406
82,2020,1.8660340208805026,4.785588383546386,0,0,0,0.41774683598444406
82,2021,2.743712272552795,6.246333913730318,0,0,0,0.41774683598444406
82,2022,2.956116483409784,4.214164345906893,0,0,0,0.41774683598444406
82,2023,1.801790900120296,7.84658188793101,0,1,0,0.41774683598444406
82,2024,3.6456589870259046,5.7541071408793485,0,1,0,0.41774683598444406
82,2025,1.3742511796108277,4.8338358003161765,0,1,0,0.41774683598444406
82,2026,4.591143423042183,14.370642101288011,0,1,0,0.41774683598444406
83,2019,0.07035002146133554,7.547095802657627,1,0,0,0.638328344596266
83,2020,-1.262104533755834,2.5612434401206623,1,0,0,0.638328344596266
83,2021,-1.5579414863952428,10.68517085902388,1,0,0,0.638328344596266
83,2022,1.9108959555845157,17.432083362211596,1,0,0,0.638328344596266
83,2023,3.6276816405239845,5.138926499167685,1,1,1,0.638328344596266
83,2024,1.9175157063307746,6.555436080713688,1,1,1,0.638328344596266
83,2025,4.464109604958233,18.550844078985588,1,1,1,0.638328344596266
83,2026,2.6578885625193975,5.374731651615925,1,1,1,0.638328344596266
84,2019,2.743634852632354,6.979775256664529,1,0,0,1.7353051036403135
84,2020,1.2135866994477458,7.440413978281786,1,0,0,1.7353051036403135
84,2021,3.4133894694407756,9.536856095923863,1,0,0,1.7353051036403135
84,2022,2.346153361314646,7.9660653389202265,1,0,0,1.7353051036403135
84,2023,4.34618769869749,11.989398582102668,1,1,1,1.7353051036403135
84,2024,2.349126841483521,9.733724539192139,1,1,1,1.7353051036403135
84,2025,5.295118267689828,2.9337688003142786,1,1,1,1.7353051036403135
84,2026,8.212142506707409,13.618383418054485,1,1,1,1.7353051036403135
85,2019,0.44077840460252127,6.001697908265483,1,0,0,0.8179841983748073
85,2020,0.8877875109589755,4.113330657869409,1,0,0,0.8179841983748073
85,2021,0.15922255777300476,9.759345133994508,1,0,0,0.8179841983748073
85,2022,1.3458965126303495,11.040259983776728,1,0,0,0.8179841983748073
85,2023,2.876971303941604,7.50121219595606,1,1,1,0.8179841983748073
85,2024,6.087448818139597,4.121016028088702,1,1,1,0.8179841983748073
85,2025,3.183023193968647,19.5297520473882,1,1,1,0.8179841983748073
85,2026,4.486090785368457,2.43364463809614,1,1,1,0.8179841983748073
86,2019,1.8090076753893458,3.508523096748834,1,0,0,0.7076054318223999
86,2020,1.7577085086512407,5.783917580933086,1,0,0,0.7076054318223999
86,2021,1.856828945830395,9.646174076060358,1,0,0,0.7076054318223999
86,2022,2.42398416157473,11.207942824852875,1,0,0,0.7076054318223999
86,2023,3.3037087962084994,3.7972951692702264,1,1,1,0.7076054318223999
86,2024,5.149860217097363,7.244845600949601,1,1,1,0.7076054318223999
86,2025,3.3760944618599384,7.3975975655628226,1,1,1,0.7076054318223999
86,2026,4.497470546738545,4.723076768873812,1,1,1,0.7076054318223999
87,2019,4.008594183383817,16.037433599327343,1,0,0,1.5742383099553976
87,2020,3.077462960192916,4.045921211084669,1,0,0,1.5742383099553976
87,2021,2.988978727270817,6.155882927436622,1,0,0,1.5742383099553976
87,2022,3.3426465486512607,7.965149650804515,1,0,0,1.5742383099553976
87,2023,4.380905581538613,7.020260471911363,1,1,1,1.5742383099553976
87,2024,5.173595365659622,13.320508297626384,1,1,1,1.5742383099553976
87,2025,6.139748665153721,12.058252667541407,1,1,1,1.5742383099553976
87,2026,4.905687940840642,11.13556367594816,1,1,1,1.5742383099553976
88,2019,1.2467025061253858,14.100004201948867,1,0,0,0.9706266937191009
88,2020,-0.8662935728314294,5.068916164795373,1,0,0,0.9706266937191009
88,2021,0.7679208208152781,12.135099077255463,1,0,0,0.9706266937191009
88,2022,1.1939719060600331,15.523365096791192,1,0,0,0.9706266937191009
88,2023,0.7319091982292694,6.670371912409761,1,1,1,0.9706266937191009
88,2024,1.6668931731467689,5.17636672749045,1,1,1,0.9706266937191009
88,2025,1.5910950093292773,5.11279188580635,1,1,1,0.9706266937191009
88,2026,3.8540838155575985,5.0448597986808466,1,1,1,0.9706266937191009
89,2019,-1.1211162343748555,8.194551891169127,1,0,0,0.8217853249675882
89,2020,1.5841196763690135,12.907311346566987,1,0,0,0.8217853249675882
89,2021,-0.28194734997173176,8.070362086333063,1,0,0,0.8217853249675882
89,2022,-0.9667689850727139,4.0705934387098734,1,0,0,0.8217853249675882
89,2023,1.8758693813701508,4.317096309156053,1,1,1,0.8217853249675882
89,2024,2.0683404374776266,6.948327218599317,1,1,1,0.8217853249675882
89,2025,3.79204972464205,7.576304241934004,1,1,1,0.8217853249675882
89,2026,0.16991528052394633,9.350180231688546,1,1,1,0.8217853249675882
90,2019,-0.9047119776065277,6.355442741489474,0,0,0,0.3112130412218987
90,2020,0.6957744628702733,10.404691601039696,0,0,0,0.3112130412218987
90,2021,0.5110380832424117,6.989281154447219,0,0,0,0.3112130412218987
90,2022,-1.4992266320816334,4.732459887829593,0,0,0,0.3112130412218987
90,2023,1.5986034075674729,5.384619682135025,0,1,0,0.3112130412218987
90,2024,1.1586199838878726,12.047620787244682,0,1,0,0.3112130412218987
90,2025,-0.32727900632701057,3.4365901598642,0,1,0,0.3112130412218987
90,2026,1.0398269843090626,7.533224208113286,0,1,0,0.3112130412218987
91,2019,-0.2652856691588117,6.603140350542885,1,0,0,0.8467414708491114
91,2020,2.7381278066625114,4.66854369830039,1,0,0,0.8467414708491114
91,2021,-0.3468454981409377,9.173760900858545,1,0,0,0.8467414708491114
91,2022,3.143492563014786,9.744808579173663,1,0,0,0.8467414708491114
91,2023,5.242290059462192,6.7499489541901445,1,1,1,0.8467414708491114
91,2024,3.1255721628233237,7.881638285933119,1,1,1,0.8467414708491114
91,2025,3.6815881328601043,9.292110701856629,1,1,1,0.8467414708491114
91,2026,3.9019271373355835,5.204509379854618,1,1,1,0.8467414708491114
92,2019,0.525425140876746,6.14051930173972,1,0,0,0.43323893349019804
92,2020,0.3473415342745283,6.4153875591665965,1,0,0,0.43323893349019804
92,2021,0.5727786308361573,5.6486820565492,1,0,0,0.43323893349019804
92,2022,1.2638146179325667,6.939705186054812,1,0,0,0.43323893349019804
92,2023,3.9104995230078,14.61241423944698,1,1,1,0.43323893349019804
92,2024,3.4917940239875676,11.02077371268121,1,1,1,0.43323893349019804
92,2025,4.402714210224476,7.031880146678443,1,1,1,0.43323893349019804
92,2026,3.8131620825355377,10.344348099923156,1,1,1,0.43323893349019804
93,2019,1.1511487563385465,9.115381122938663,0,0,0,0.012130501872231641
93,2020,-0.19469530510644825,4.64975754153154,0,0,0,0.012130501872231641
93,2021,-0.276953335082019,20.48986677334523,0,0,0,0.012130501872231641
93,2022,-0.8075468783168882,8.351532029913189,0,0,0,0.012130501872231641
93,2023,2.0105282668622593,11.031185367731503,0,1,0,0.012130501872231641
93,2024,1.1165142267181427,13.58469288138644,0,1,0,0.012130501872231641
93,2025,0.4863558602055541,7.858891602882188,0,1,0,0.012130501872231641
93,2026,1.9557808167921258,8.224279008915728,0,1,0,0.012130501872231641
94,2019,-0.5117813849614707,7.263894721107746,1,0,0,0.9131842183456856
94,2020,0.105816348666115,5.9446290650171125,1,0,0,0.9131842183456856
94,2021,-0.4418575480596863,7.8402532401009735,1,0,0,0.9131842183456856
94,2022,1.1344507340431116,9.361446162178948,1,0,0,0.9131842183456856
94,2023,1.8494652122578865,3.7320587241994434,1,1,1,0.9131842183456856
94,2024,1.0418992541027596,6.653385881156374,1,1,1,0.9131842183456856
94,2025,0.6013714546435294,6.169395775718034,1,1,1,0.9131842183456856
94,2026,3.822148629373639,7.466944319693232,1,1,1,0.9131842183456856
95,2019,2.629927003812376,5.311121864482818,1,0,0,0.9612655884500843
95,2020,1.3692255029940028,5.919141726174476,1,0,0,0.9612655884500843
95,2021,3.1373306368225973,8.70485845166651,1,0,0,0.9612655884500843
95,2022,2.7404460412803,9.630335913871487,1,0,0,0.9612655884500843
95,2023,4.820295796169446,10.93157804980639,1,1,1,0.9612655884500843
95,2024,5.109124882456823,11.09245189914877,1,1,1,0.9612655884500843
95,2025,6.189858751498945,8.744447443798531,1,1,1,0.9612655884500843
95,2026,3.8827371411332954,7.1101268389204435,1,1,1,0.9612655884500843
96,2019,0.9919735803490385,10.978515736159496,0,0,0,0.5159881461064071
96,2020,1.796415391891466,2.1582838371783,0,0,0,0.5159881461064071
96,2021,1.6719872834197718,8.138360256925157,0,0,0,0.5159881461064071
96,2022,-0.8780701798474719,3.3285371158671766,0,0,0,0.5159881461064071
96,2023,1.1823501446492009,5.625727444306587,0,1,0,0.5159881461064071
96,2024,1.794889308300093,17.388695151844214,0,1,0,0.5159881461064071
96,2025,1.1073376123080738,6.180133039238792,0,1,0,0.5159881461064071
96,2026,0.8315135948621342,7.419346720977726,0,1,0,0.5159881461064071
97,2019,0.5129013351076135,3.143275641258847,0,0,0,-0.0887095911169901
97,2020,0.3270431174074769,5.331000028676563,0,0,0,-0.0887095911169901
97,2021,0.3641267984414719,2.4395910365255977,0,0,0,-0.0887095911169901
97,2022,2.032166841406543,4.553159484617892,0,0,0,-0.0887095911169901
97,2023,2.829090406509492,9.40865578587772,0,1,0,-0.0887095911169901
97,2024,0.17741988613027782,4.05749674896334,0,1,0,-0.0887095911169901
97,2025,2.3853062805516,8.627629727519698,0,1,0,-0.0887095911169901
97,2026,1.522698619593717,6.058653485719949,0,1,0,-0.0887095911169901
98,2019,-0.9431795786760937,10.346457136408441,0,0,0,0.10432115457742958
98,2020,-0.5385735529556169,5.383736563314487,0,0,0,0.10432115457742958
98,2021,-0.3276228105529157,5.277414398819736,0,0,0,0.10432115457742958
98,2022,-1.4246080213755314,5.225074187673296,0,0,0,0.10432115457742958
98,2023,0.44610529595075366,11.139588253354875,0,1,0,0.10432115457742958
98,2024,2.106959207682526,6.945626229074805,0,1,0,0.10432115457742958
98,2025,0.7383793017710703,6.05485754327686,0,1,0,0.10432115457742958
98,2026,1.5947547307745098,5.336237464086259,0,1,0,0.10432115457742958
99,2019,1.5456285195532855,9.55435906802862,0,0,0,-0.10259073466031494
99,2020,0.26317887740301793,8.816658306703538,0,0,0,-0.10259073466031494
99,2021,1.2915166860767007,6.346810647641199,0,0,0,-0.10259073466031494
99,2022,1.0760877719024213,4.831540024442413,0,0,0,-0.10259073466031494
99,2023,0.8849944997577185,17.58545303253766,0,1,0,-0.10259073466031494
99,2024,0.5105471821493774,13.201934256890578,0,1,0,-0.10259073466031494
99,2025,-0.09024342343143799,9.899400432515224,0,1,0,-0.10259073466031494
99,2026,1.8336922322236608,3.5926877366575334,0,1,0,-0.10259073466031494
